otu_id	^ot:ottTaxonName	^ot:ottId	^ncbi:taxon	^ncbi:accession	^physcraper:last_blasted	^physcraper:ingroup	^physcraper:status	^ot:originalLabel	^ncbi:title	^physcraper:in_current_aln
otu261052	Hypocryptadius cinnamomeus	840030	589841	-	None	False	original	Hypocryptadius_cinnamomeus_KUNHM_19117	-	True
otu261262	Acrocephalus australis	1010420	68484	-	None	False	original	Acrocephalus_australis_KUNHM_19430	-	True
otu261291	Pnoepyga pusilla	252763	634347	-	None	False	original	Pnoepyga_pusilla_KUNHM_15250	-	True
otu261208	Pnoepyga albiventer	975545	634345	-	None	False	original	Pnoepyga_albiventer_AMNH_DOT5558	-	True
otu261161	Pnoepyga albiventer	975545	634345	-	None	False	original	Pnoepyga_albiventer_KUNHM_15196	-	True
otu261204	Phylloscopus cebuensis	720201	163865	-	2021/12/02	True	original	Phylloscopus_cebuensis_KUNHM_20262	-	True
otu261309	Macronous ptilosus	634833	589849	-	2021/12/02	True	original	Macronous_ptilosus_KUNHM_12325	-	True
otu261104	Macronous ptilosus	634833	589849	-	2021/12/02	True	original	Macronous_ptilosus_LSUMNS_B36391	-	True
otu261115	Macronous striaticeps	290853	237424	-	2021/12/02	True	original	Macronous_striaticeps_KUNHM_14130	-	True
otu261180	Macronous striaticeps	290853	237424	-	2021/12/02	True	original	Macronous_striaticeps_FMNH_357464	-	True
otu261090	Stachyris chrysaea	174119	181628	-	2021/12/02	True	original	Stachyris_chrysaea_KUNHM_15240	-	True
otu261044	Stachyris chrysaea	174119	181628	-	2021/12/02	True	original	Stachyris_chrysaea_KUNHM_15096	-	True
otu261301	Stachyris pyrrhops	453420	1006752	-	2021/12/02	True	original	Stachyris_pyrrhops_AMNH_778719	-	True
otu261303	Stachyris ambigua	546763	932031	-	2021/12/02	True	original	Stachyris_ambigua_USNM_6152	-	True
otu261217	Stachyris ambigua	546763	932031	-	2021/12/02	True	original	Stachyris_ambigua_USNM_6183	-	True
otu261294	Stachyris rufifrons	697087	181632	-	2021/12/02	True	original	Stachyris_rufifrons_LSUMNS_B36462	-	True
otu261239	Stachyris ruficeps	697082	181631	-	2021/12/02	True	original	Stachyris_ruficeps_KUNHM_11083	-	True
otu261312	Stachyris ruficeps	697082	181631	-	2021/12/02	True	original	Stachyris_ruficeps_KUNHM_6645	-	True
otu261258	Stachyris erythroptera	265350	589857	-	2021/12/02	True	original	Stachyris_erythroptera_LSUMNS_B36417	-	True
otu261195	Stachyris erythroptera	265350	589857	-	2021/12/02	True	original	Stachyris_erythroptera_KUNHM_12327	-	True
otu261071	Stachyris melanothorax	453415	1006750	-	2021/12/02	True	original	Stachyris_melanothorax_AMNH_448000	-	True
otu261152	Dumetia hyperythra	353127	634296	-	2021/12/02	True	original	Dumetia_hyperythra_AMNH_388637	-	True
otu261193	Rhopocichla atriceps	840093	1149666	-	2021/12/02	True	original	Rhopocichla_atriceps_AMNH_344476	-	True
otu261122	Macronous gularis	19368	1948886	-	2021/12/02	True	original	Macronous_gularis_AMNH_DOT10805	-	True
otu261142	Macronous gularis	19368	1948886	-	2021/12/02	True	original	Macronous_gularis_KUNHM_17726	-	True
otu261216	Timalia pileata	31186	201367	-	2021/12/02	True	original	Timalia_pileata_FMNH_218211	-	True
otu261308	Timalia pileata	31186	201367	-	2021/12/02	True	original	Timalia_pileata_FMNH_236339	-	True
otu261214	Stachyris grammiceps	446191	1149669	-	2021/12/02	True	original	Stachyris_grammiceps_LSUMNS_B45463	-	True
otu261314	Stachyris nigricollis	1022691	1149675	-	2021/12/02	True	original	Stachyris_nigricollis_LSUMNS_B38564	-	True
otu261048	Stachyris nigricollis	1022691	1149675	-	2021/12/02	True	original	Stachyris_nigricollis_KUNHM_12330	-	True
otu261106	Stachyris strialata	381510	634353	-	2021/12/02	True	original	Stachyris_striolata_KUNHM_10136	-	True
otu261292	Stachyris strialata	381510	634353	-	2021/12/02	True	original	Stachyris_striolata_KUNHM_10003	-	True
otu261053	Stachyris oglei	980004	1118843	-	2021/12/02	True	original	Stachyris_oglei_KUNHM_15189	-	True
otu261170	Stachyris thoracica	453422	1006753	-	2021/12/02	True	original	Stachyris_thoracica_AMNH_589844	-	True
otu261162	Stachyris leucotis	1022701	1149670	-	2021/12/02	True	original	Stachyris_leucotis_LSUMNS_B36340	-	True
otu261264	Sphenocichla humei	641427	1149678	-	2021/12/02	True	original	Sphenocichla_humei_KUNHM_15201	-	True
otu261047	Sphenocichla humei	641427	1149678	-	2021/12/02	True	original	Sphenocichla_humei_KUNHM_15202	-	True
otu261034	Stachyris poliocephala	26183	135977	-	2021/12/02	True	original	Stachyris_poliocephala_LSUMNS_B36426	-	True
otu261285	Stachyris poliocephala	26183	135977	-	2021/12/02	True	original	Stachyris_poliocephala_LSUMNS_B47008	-	True
otu261134	Stachyris nigriceps	697085	181630	-	2021/12/02	True	original	Stachyris_nigriceps_KUNHM_10167	-	True
otu261169	Stachyris nigriceps	697085	181630	-	2021/12/02	True	original	Stachyris_nigriceps_LSUMNS_B36288	-	True
otu261141	Stachyris maculata	180849	1149672	-	2021/12/02	True	original	Stachyris_maculata_LSUMNS_B36423	-	True
otu261296	Pomatorhinus erythrogenys	773110	0	-	2021/12/02	True	original	Pomatorhinus_erythrogenys_AMNH_DOT5179	-	True
otu261259	Pomatorhinus swinhoei	1073084	1149652	-	2021/12/02	True	original	Pomatorhinus_swinhoei_KUNHM_6715	-	True
otu261225	Pomatorhinus erythrogenys	773110	0	-	2021/12/02	True	original	Pomatorhinus_erythrogenys_AMNH_DOT5531	-	True
otu261289	Pomatorhinus hypoleucos	154438	932024	-	2021/12/02	True	original	Pomatorhinus_hypoleucos_BMNH_2000522	-	True
otu261109	Pomatorhinus schisticeps	502097	201359	-	2021/12/02	True	original	Pomatorhinus_schisticeps_MNHN_6.73	-	True
otu261191	Pomatorhinus ruficollis	154418	932028	-	2021/12/02	True	original	Pomatorhinus_ruficollis_KUNHM_15144	-	True
otu261275	Pomatorhinus ruficollis	154418	932028	-	2021/12/02	True	original	Pomatorhinus_ruficollis_KUNHM_10299	-	True
otu261278	Pomatorhinus schisticeps	502097	201359	-	2021/12/02	True	original	Pomatorhinus_schisticeps_USNM_B2103	-	True
otu261079	Pomatorhinus montanus	374269	727904	-	2021/12/02	True	original	Pomatorhinus_montanus_LSUMNS_B47063	-	True
otu261249	Pomatorhinus montanus	374269	727904	-	2021/12/02	True	original	Pomatorhinus_montanus_KUNHM_17781	-	True
otu261251	Pomatorhinus horsfieldii	503937	1006734	-	2021/12/02	True	original	Pomatorhinus_horsfieldii_AMNH_344452	-	True
otu261069	Xiphirhynchus superciliaris	31182	201369	-	2021/12/02	True	original	Xiphirhynchus_superciliaris_KUNHM_15092	-	True
otu261072	Xiphirhynchus superciliaris	31182	201369	-	2021/12/02	True	original	Xiphirhynchus_supercillaris_CAS_95887	-	True
otu261186	Pomatorhinus ferruginosus	25621	932021	-	2021/12/02	True	original	Pomatorhinus_ferruginosus_AMNH_DOT10777	-	True
otu261211	Pomatorhinus ferruginosus	25621	932021	-	2021/12/02	True	original	Pomatorhinus_ferruginosus_KUNHM_15146	-	True
otu261074	Pomatorhinus ferruginosus	25621	932021	-	2021/12/02	True	original	Pomatorhinus_ferruginosus_KUNHM_15090	-	True
otu261168	Pomatorhinus ferruginosus	25621	932021	-	2021/12/02	True	original	Pomatorhinus_ferruginosus_KUNHM_15241	-	True
otu261089	Spelaeornis troglodytoides	446189	1149668	-	2021/12/02	True	original	Spelaeornis_troglodytoides_KUNHM_15108	-	True
otu261124	Spelaeornis troglodytoides	446189	1149668	-	2021/12/02	True	original	Spelaeornis_troglodytoides_KUNHM_15107	-	True
otu261288	Spelaeornis chocolatinus	459933	202235	-	2021/12/02	True	original	Spelaeornis_chocolatinus_KUNHM_15199	-	True
otu261189	Spelaeornis chocolatinus	459933	202235	-	2021/12/02	True	original	Spelaeornis_chocolatinus_KUNHM_15105	-	True
otu261197	Garrulax canorus	635111	238855	-	2021/12/02	True	original	Garrulax_canorus_KUNHM_10389	-	True
otu261281	Garrulax merulinus	546865	1149626	-	2021/12/02	True	original	Garrulax_merulinus_AMNH_DOT10975	-	True
otu261127	Garrulax merulinus	546865	1149626	-	2021/12/02	True	original	Garrulax_merulinus_KUNHM_15190	-	True
otu261229	Garrulax leucolophus	294062	98127	-	2021/12/02	True	original	Garrulax_leucolophus_KUNHM_15247	-	True
otu261082	Garrulax maesi	546871	1149625	-	2021/12/02	True	original	Garrulax_maesi_KUNHM_10152	-	True
otu261175	Garrulax maesi	546871	1149625	-	2021/12/02	True	original	Garrulax_maesi_AMNH_DOT10968	-	True
otu261184	Garrulax milleti	263341	175004	-	2021/12/02	True	original	Garrulax_milleti_AMNH_DOT10756	-	True
otu261171	Garrulax palliatus	24739	1149627	-	2021/12/02	True	original	Garrulax_palliatus_KUNHM_17732	-	True
otu261130	Garrulax monileger	178817	1048754	-	2021/12/02	True	original	Garrulax_monileger_USNM_5596	-	True
otu261091	Garrulax sannio	219381	201312	-	2021/12/02	True	original	Garrulax_sannio_KUNHM_11172	-	True
otu261313	Garrulax nuchalis	178820	1048755	-	2021/12/02	True	original	Garrulax_nuchalis_USNM_15315	-	True
otu261120	Garrulax nuchalis	178820	1048755	-	2021/12/02	True	original	Garrulax_nuchalis_USNM_15312	-	True
otu261075	Garrulax chinensis	673521	238863	-	2021/12/02	True	original	Garrulax_chinensis_KUNHM_10366	-	True
otu261188	Garrulax mitratus	965380	589709	-	2021/12/02	True	original	Garrulax_mitratus_LSUMNS_B36460	-	True
otu261083	Garrulax mitratus	965380	589709	-	2021/12/02	True	original	Garrulax_mitratus_KUNHM_17728	-	True
otu261181	Babax lanceolatus	977751	201302	-	2021/12/02	True	original	Babax_lanceolatus_KUNHM_11238	-	True
otu261200	Garrulax poecilorhynchus	635117	238859	-	2021/12/02	True	original	Garrulax_poecilorhynchus_KUNHM_11128	-	True
otu261224	Garrulax albogularis	575470	201309	-	2021/12/02	True	original	Garrulax_albogularis_AMNH_DOT5626	-	True
otu261203	Garrulax pectoralis	479292	520176	-	2021/12/02	True	original	Garrulax_pectoralis_USNM_3537	-	True
otu261148	Garrulax pectoralis	479292	520176	-	2021/12/02	True	original	Garrulax_pectoralis_KUNHM_11125	-	True
otu261063	Garrulax ocellatus	401603	201311	-	2021/12/02	True	original	Garrulax_ocellatus_AMNH_DOT5651	-	True
otu261206	Garrulax ocellatus	401603	201311	-	2021/12/02	True	original	Garrulax_ocellatus_KUNHM_11342	-	True
otu261131	Garrulax cineraceus	1055596	520168	-	2021/12/02	True	original	Garrulax_cineraceus_KUNHM_6725	-	True
otu261232	Garrulax cineraceus	1055596	520168	-	2021/12/02	True	original	Garrulax_cineraceus_KUNHM_11043	-	True
otu261111	Kupeornis chapini	153255	1002792	-	2021/12/02	True	original	Kupeornis_chapini_AMNH_348502	-	True
otu261038	Phyllanthus atripennis	252774	634342	-	2021/12/02	True	original	Phyllanthus_atripennis_AMNH_DOT2033	-	True
otu261283	Phyllanthus atripennis	252774	634342	-	2021/12/02	True	original	Phyllanthus_atripennis_KUNHM_19806	-	True
otu261305	Turdoides reinwardtii	1022696	1149676	-	2021/12/02	True	original	Turdoides_reinwardtii_KUNHM_20055	-	True
otu261230	Turdoides reinwardtii	1022696	1149676	-	2021/12/02	True	original	Turdoides_reinwardtii_FMNH_396646	-	True
otu261125	Turdoides jardineii	697077	181634	-	2021/12/02	True	original	Turdoides_jardineii_UWBM_52803	-	True
otu261110	Turdoides jardineii	697077	181634	-	2021/12/02	True	original	Turdoides_jardineii_FMNH_455533	-	True
otu261226	Turdoides plebejus	3358	208070	-	2021/12/02	True	original	Turdoides_plebejus_LSUMNS_B39249	-	True
otu261029	Turdoides plebejus	3358	208070	-	2021/12/02	True	original	Turdoides_plebejus_KUNHM_20025	-	True
otu261165	Turdoides bicolor	574271	248175	-	2021/12/02	True	original	Turdoides_bicolor_UWBM_53074	-	True
otu261287	Turdoides bicolor	574271	248175	-	2021/12/02	True	original	Turdoides_bicolor_UWBM_70438	-	True
otu261139	Turdoides gularis	454021	1118850	-	2021/12/02	True	original	Turdoides_gularis_USNM_5712	-	True
otu261136	Turdoides gularis	454021	1118850	-	2021/12/02	True	original	Turdoides_gularis_USNM_5705	-	True
otu261201	Heterophasia auricularis	824646	520206	-	2021/12/02	True	original	Heterophasia_auricularis_AMNH_DOT5177	-	True
otu261143	Heterophasia picaoides	25708	1149634	-	2021/12/02	True	original	Heterophasia_picaoides_USNM_15174	-	True
otu261248	Heterophasia capistrata	1028012	201326	-	2021/12/02	True	original	Heterophasia_capistrata_AMNH_DOT5573	-	True
otu261190	Heterophasia capistrata	1028012	201326	-	2021/12/02	True	original	Heterophasia_capistrata_AMNH_DOT5553	-	True
otu261101	Heterophasia pulchella	25704	1149632	-	2021/12/02	True	original	Heterophasia_pulchella_USNM_15254	-	True
otu261123	Heterophasia pulchella	25704	1149632	-	2021/12/02	True	original	Heterophasia_pulchella_KUNHM_15166	-	True
otu261153	Heterophasia gracilis	25700	1149631	-	2021/12/02	True	original	Heterophasia_gracilis_USNM_5683	-	True
otu261067	Heterophasia gracilis	25700	1149631	-	2021/12/02	True	original	Heterophasia_gracilis_USNM_5685	-	True
otu261054	Heterophasia melanoleuca	1028014	201327	-	2021/12/02	True	original	Heterophasia_melanoleuca_AMNH_DOT10973	-	True
otu261043	Heterophasia melanoleuca	1028014	201327	-	2021/12/02	True	original	Heterophasia_melanoleuca_CAS_95600	-	True
otu261092	Leiothrix argentauris	451623	201335	-	2021/12/02	True	original	Leiothrix_argentauris_AMNH_DOT2623	-	True
otu261093	Leiothrix argentauris	451623	201335	-	2021/12/02	True	original	Leiothrix_argentauris_KUNHM_15203	-	True
otu261260	Leiothrix lutea	965458	36275	-	2021/12/02	True	original	Leiothrix_lutea_KUNHM_6724	-	True
otu261199	Leiothrix lutea	965458	36275	-	2021/12/02	True	original	Leiothrix_lutea_AMNH_DOT6507	-	True
otu261078	Heterophasia annectans	155396	1149633	-	2021/12/02	True	original	Heterophasia_annectans_USNM_336017	-	True
otu261037	Minla ignotincta	1078784	201348	-	2021/12/02	True	original	Minla_ignotincta_KUNHM_11346	-	True
otu261088	Liocichla steerii	451633	201339	-	2021/12/02	True	original	Liocichla_steeri_AMNH_DOT5178	-	True
otu261273	Liocichla steerii	451633	201339	-	2021/12/02	True	original	Liocichla_steeri_AMNH_DOT5198	-	True
otu261144	Liocichla phoenicea	451636	201338	-	2021/12/02	True	original	Liocichla_phoenicea_KUNHM_15195	-	True
otu261266	Liocichla phoenicea	451636	201338	-	2021/12/02	True	original	Liocichla_phoenicea_KUNHM_10078	-	True
otu261185	Actinodura egertoni	695506	889799	-	2021/12/02	True	original	Actinodura_egertoni_KUNHM_15186	-	True
otu261202	Actinodura egertoni	695506	889799	-	2021/12/02	True	original	Actinodura_egertoni_KUNHM_15098	-	True
otu261103	Actinodura ramsayi	715046	889800	-	2021/12/02	True	original	Actinodura_ramsayi_AMNH_DOT2629	-	True
otu261279	Actinodura ramsayi	715046	889800	-	2021/12/02	True	original	Actinodura_ramsayi_AMNH_DOT2641	-	True
otu261156	Minla strigula	1078786	201349	-	2021/12/02	True	original	Minla_strigula_KUNHM_15184	-	True
otu261253	Minla cyanouroptera	1078798	201347	-	2021/12/02	True	original	Minla_cyanouroptera_KUNHM_11087	-	True
otu261117	Minla cyanouroptera	1078798	201347	-	2021/12/02	True	original	Minla_cyanouroptera_KUNHM_11281	-	True
otu261178	Actinodura nipalensis	1084799	201297	-	2021/12/02	True	original	Actinodura_nipalensis_AMNH_DOT5594	-	True
otu261196	Actinodura nipalensis	1084799	201297	-	2021/12/02	True	original	Actinodura_nipalensis_AMNH_DOT5636	-	True
otu261100	Actinodura waldeni	695502	889797	-	2021/12/02	True	original	Actinodura_waldeni_CAS_95491	-	True
otu261194	Actinodura waldeni	695502	889797	-	2021/12/02	True	original	Actinodura_waldeni_CAS_95906	-	True
otu261238	Actinodura morrisoniana	695508	889798	-	2021/12/02	True	original	Actinodura_morrisoniana_AMNH_DOT5226	-	True
otu261064	Actinodura morrisoniana	695508	889798	-	2021/12/02	True	original	Actinodura_morrisoniana_AMNH_DOT5203	-	True
otu261319	Garrulax subunicolor	553108	201314	-	2021/12/02	True	original	Garrulax_subunicolor_USNM_15264	-	True
otu261254	Garrulax virgatus	227762	1118564	-	2021/12/02	True	original	Garrulax_virgatus_USNM_5627	-	True
otu261297	Garrulax lineatus	202820	520172	-	2021/12/02	True	original	Garrulax_lineatus_FMNH_347873	-	True
otu261219	Garrulax lineatus	202820	520172	-	2021/12/02	True	original	Garrulax_lineatus_FMNH_347872	-	True
otu261105	Garrulax squamatus	401600	201313	-	2021/12/02	True	original	Garrulax_squamatus_KUNHM_15191	-	True
otu261041	Garrulax variegatus	401611	201315	-	2021/12/02	True	original	Garrulax_variegatum_AMNH_DOT5537	-	True
otu261086	Garrulax affinis	1055601	520161	-	2021/12/02	True	original	Garrulax_affinis_KUNHM_15099	-	True
otu261046	Garrulax affinis	1055601	520161	-	2021/12/02	True	original	Garrulax_affinis_AMNH_DOT5582	-	True
otu261284	Garrulax erythrocephalus	219388	201310	-	2021/12/02	True	original	Garrulax_erythrocephalus_KUNHM_15193	-	True
otu261261	Garrulax erythrocephalus	219388	201310	-	2021/12/02	True	original	Garrulax_erythrocephalus_USNM_B5628	-	True
otu261098	Garrulax formosus	202834	520171	-	2021/12/02	True	original	Garrulax_formosus_AMNH_DOT9336	-	True
otu261137	Garrulax milnei	479293	1743383	-	2021/12/02	True	original	Garrulax_milnei_KUNHM_15101	-	True
otu261237	Garrulax milnei	479293	1743383	-	2021/12/02	True	original	Garrulax_milnei_KUNHM_11104	-	True
otu261076	Cutia nipalensis	977743	201306	-	2021/12/02	True	original	Cutia_nipalensis_USNM_475768	-	True
otu261135	Cutia nipalensis	977743	201306	-	2021/12/02	True	original	Cutia_nipalensis_FMNH_275829	-	True
otu261033	Cutia nipalensis	977743	201306	-	2021/12/02	True	original	Cutia_nipalensis_FMNH_218230	-	True
otu261061	Garrulax striatus	227764	1118563	-	2021/12/02	True	original	Garrulax_striatus_USNM_15221	-	True
otu261128	Garrulax striatus	227764	1118563	-	2021/12/02	True	original	Garrulax_striatus_USNM_15255	-	True
otu261036	Alcippe grotei	665672	0	-	2021/12/02	True	original	Alcippe_grotei_AMNH_DOT10810	-	True
otu261032	Alcippe grotei	665672	0	-	2021/12/02	True	original	Alcippe_grotei_AMNH_DOT12309	-	True
otu261177	Alcippe poioicephala	19366	181645	-	2021/12/02	True	original	Alcippe_poioicephala_USNM_5606	-	True
otu261235	Alcippe poioicephala	19366	181645	-	2021/12/02	True	original	Alcippe_poioicephala_USNM_6060	-	True
otu261107	Alcippe brunneicauda	845580	204788	-	2021/12/02	True	original	Alcippe_brunneicauda_KUNHM_17766	-	True
otu261244	Alcippe brunneicauda	845580	204788	-	2021/12/02	True	original	Alcippe_brunneicauda_KUNHM_12380	-	True
otu261307	Alcippe morrisonia	35861	204791	-	2021/12/02	True	original	Alcippe_morrisonia_AMNH_DOT5142	-	True
otu261094	Alcippe peracensis	35863	204792	-	2021/12/02	True	original	Alcippe_peracensis_AMNH_DOT12245	-	True
otu261282	Alcippe peracensis	35863	204792	-	2021/12/02	True	original	Alcippe_peracensis_AMNH_DOT10740	-	True
otu261263	Alcippe morrisonia	35861	204791	-	2021/12/02	True	original	Alcippe_morrisonia_KUNHM_6662	-	True
otu261081	Alcippe nipalensis	546869	1149624	-	2021/12/02	True	original	Alcippe_nipalensis_KUNHM_15244	-	True
otu261045	Gampsorhynchus rufulus	977736	201308	-	2021/12/02	True	original	Gampsorhynchus_rufulus_USNM_534967	-	True
otu261293	Gampsorhynchus rufulus	977736	201308	-	2021/12/02	True	original	Gampsorhynchus_rufulus_USNM_584529	-	True
otu261247	Alcippe rufogularis	824069	204794	-	2021/12/02	True	original	Schoeniparus_rufogularis_USNM_15184	-	True
otu261126	Alcippe rufogularis	824069	204794	-	2021/12/02	True	original	Schoeniparus_rufogularis_AMNH_DOT10750	-	True
otu261316	Alcippe dubia	321215	204790	-	2021/12/02	True	original	Schoeniparus_dubia_KUNHM_11340	-	True
otu261267	Alcippe dubia	321215	204790	-	2021/12/02	True	original	Schoeniparus_dubia_KUNHM_15160	-	True
otu261295	Alcippe dubia	321215	204790	-	2021/12/02	True	original	Schoeniparus_dubia_USNM_5623	-	True
otu261096	Alcippe brunnea	670233	204787	-	2021/12/02	True	original	Schoeniparus_brunnea_KUNHM_6655	-	True
otu261198	Alcippe castaneceps	1084789	201298	-	2021/12/02	True	original	Schoeniparus_castaneceps_KUNHM_15156	-	True
otu261070	Alcippe cinerea	845576	204789	-	2021/12/02	True	original	Schoeniparus_cinerea_USNM_15213	-	True
otu261163	Alcippe cinerea	845576	204789	-	2021/12/02	True	original	Schoeniparus_cinerea_KUNHM_15152	-	True
otu261209	Malacopteron affine	779250	1070450	-	2021/12/02	True	original	Malacopteron_affine_KUNHM_12383	-	True
otu261218	Malacopteron albogulare	552898	1149641	-	2021/12/02	True	original	Malacopteron_albogulare_LSUMNS_B47244	-	True
otu261207	Malacopteron albogulare	552898	1149641	-	2021/12/02	True	original	Malacopteron_albogulare_LSUMNS_B50348	-	True
otu261060	Malacopteron cinereum	1078792	201343	-	2021/12/02	True	original	Malacopteron_cinereum_AMNH_DOT10778	-	True
otu261108	Malacopteron cinereum	1078792	201343	-	2021/12/02	True	original	Malacopteron_cinereum_KUNHM_12320	-	True
otu261158	Malacopteron magnum	728854	1149643	-	2021/12/02	True	original	Malacopteron_magnum_KUNHM_17770	-	True
otu261119	Malacopteron magnum	728854	1149643	-	2021/12/02	True	original	Malacopteron_magnum_LSUMNS_B38590	-	True
otu261304	Malacopteron magnirostre	265353	589850	-	2021/12/02	True	original	Malacopteron_magnirostre_KUNHM_12358	-	True
otu261210	Malacopteron magnirostre	265353	589850	-	2021/12/02	True	original	Malacopteron_magnirostre_LSUMNS_B36421	-	True
otu261220	Malacopteron palawanense	728857	1149644	-	2021/12/02	True	original	Malacopteron_palawanense_KUNHM_12600	-	True
otu261215	Illadopsis fulvescens	334360	201330	-	2021/12/02	True	original	Illadopsis_fulvescens_FMNH_391756	-	True
otu261256	Illadopsis fulvescens	334360	201330	-	2021/12/02	True	original	Illadopsis_fulvescens_KUNHM_19886	-	True
otu261102	Illadopsis pyrrhopterum	503733	98131	-	2021/12/02	True	original	Illadopsis_pyrrhoptera_FMNH_385058	-	True
otu261087	Illadopsis pyrrhopterum	503733	98131	-	2021/12/02	True	original	Illadopsis_pyrrhoptera_FMNH_346417	-	True
otu261320	Illadopsis rufipennis	949773	526177	-	2021/12/02	True	original	Illadopsis_rufipennis_KUNHM_8577	-	True
otu261236	Illadopsis rufipennis	949773	526177	-	2021/12/02	True	original	Illadopsis_rufipennis_KUNHM_15583	-	True
otu261246	Illadopsis albipectus	126367	147048	-	2021/12/02	True	original	Illadopsis_albipectus_FMNH_357284	-	True
otu261300	Illadopsis albipectus	126367	147048	-	2021/12/02	True	original	Illadopsis_albipectus_FMNH_385068	-	True
otu261113	Illadopsis cleaveri	1028018	201329	-	2021/12/02	True	original	Illadopsis_cleaveri_KUNHM_15688	-	True
otu261257	Illadopsis cleaveri	1028018	201329	-	2021/12/02	True	original	Illadopsis_cleaveri_KUNHM_8483	-	True
otu261231	Ptyrticus turdinus	601626	552926	-	2021/12/02	True	original	Ptyrticus_turdinus_FMNH_298643	-	True
otu261176	Ptyrticus turdinus	601626	552926	-	2021/12/02	True	original	Ptyrticus_turdinus_USNM_583567	-	True
otu261183	Illadopsis rufescens	909951	211964	-	2021/12/02	True	original	Illadopsis_rufescens_KUNHM_19773	-	True
otu261160	Illadopsis rufescens	909951	211964	-	2021/12/02	True	original	Illadopsis_rufescens_KUNHM_19729	-	True
otu261290	Illadopsis puveli	72518	98225	-	2021/12/02	True	original	Illadopsis_puveli_KUNHM_19887	-	True
otu261157	Kenopia striata	1078795	201345	-	2021/12/02	True	original	Kenopia_striata_LSUMNS_B36395	-	True
otu261173	Malacocincla abbotti	1078789	201341	-	2021/12/02	True	original	Malacocincla_abbotti_USNM_2131	-	True
otu261147	Malacocincla sepiaria	405545	1070449	-	2021/12/02	True	original	Malacocincla_sepiaria_LSUMNS_B47108	-	True
otu261035	Napothera crispifrons	1073087	1149651	-	2021/12/02	True	original	Napothera_crispifrons_FMNH_75755	-	True
otu261132	Napothera brevicaudata	502093	1743391	-	2021/12/02	True	original	Napothera_brevicaudata_AMNH_DOT2639	-	True
otu261085	Napothera brevicaudata	502093	1743391	-	2021/12/02	True	original	Napothera_brevicaudata_KUNHM_10351	-	True
otu261286	Napothera crassa	502091	201357	-	2021/12/02	True	original	Napothera_crassa_KUNHM_17805	-	True
otu261268	Napothera crassa	502091	201357	-	2021/12/02	True	original	Napothera_crassa_LSUMNS_B36469	-	True
otu261227	Ptilocichla mindanensis	446186	1149664	-	2021/12/02	True	original	Ptilocichla_mindanensis_KUNHM_19070	-	True
otu261084	Ptilocichla mindanensis	446186	1149664	-	2021/12/02	True	original	Ptilocichla_mindanensis_KUNHM_18187	-	True
otu261205	Ptilocichla leucogrammica	1073077	1149659	-	2021/12/02	True	original	Ptilocichla_leucogrammica_LSUMNS_B50350	-	True
otu261150	Ptilocichla falcata	446177	1149663	-	2021/12/02	True	original	Ptilocichla_falcata_KUNHM_12816	-	True
otu261245	Jabouilleia danjoui	451620	201332	-	2021/12/02	True	original	Jabouilleia_danjoui_AMNH_DOT10947	-	True
otu261058	Rimator malacoptilus	979996	1118840	-	2021/12/02	True	original	Rimator_malacoptilus_USNM_15204	-	True
otu261276	Rimator malacoptilus	979996	1118840	-	2021/12/02	True	original	Rimator_malacoptilus_USNM_15203	-	True
otu261298	Napothera epilepidota	502099	201358	-	2021/12/02	True	original	Napothera_epilepidota_LSUMNS_B52626	-	True
otu261277	Pellorneum albiventre	496775	1149649	-	2021/12/02	True	original	Pellorneum_albiventre_KUNHM_10145	-	True
otu261138	Pellorneum tickelli	31193	201360	-	2021/12/02	True	original	Pellorneum_tickelli_KUNHM_15242	-	True
otu261129	Pellorneum tickelli	31193	201360	-	2021/12/02	True	original	Pellorneum_tickelli_KUNHM_10186	-	True
otu261164	Pellorneum pyrrogenys	1073090	1149650	-	2021/12/02	True	original	Pellorneum_pyrrogenys_KUNHM_17798	-	True
otu261097	Trichastoma bicolor	26168	135979	-	2021/12/02	True	original	Trichastoma_bicolor_LSUMNS_B36396	-	True
otu261250	Trichastoma rostratum	1022708	1149679	-	2021/12/02	True	original	Trichastoma_rostratum_KUNHM_17713	-	True
otu261140	Trichastoma celebense	641384	1149674	-	2021/12/02	True	original	Trichastoma_celebense_AMNH_DOT12612	-	True
otu261077	Malacocincla cinereiceps	496784	1149642	-	2021/12/02	True	original	Malacocincla_cinereiceps_KUNHM_12693	-	True
otu261116	Malacocincla malaccensis	28218	1792496	-	2021/12/02	True	original	Malacocincla_malaccensis_KUNHM_12341	-	True
otu261095	Malacocincla malaccensis	28218	1792496	-	2021/12/02	True	original	Malacocincla_malaccensis_KUNHM_17776	-	True
otu261241	Pellorneum ruficeps	243729	98146	-	2021/12/02	True	original	Pellorneum_ruficeps_USNM_6133	-	True
otu261166	Pellorneum ruficeps	243729	98146	-	2021/12/02	True	original	Pellorneum_ruficeps_USNM_2155	-	True
otu261315	Pellorneum capistratum	265354	589853	-	2021/12/02	True	original	Pellorneum_capistratum_LSUMNS_B36430	-	True
otu261114	Yuhina diademata	697080	181636	-	2021/12/02	True	original	Yuhina_diademata_KUNHM_11118	-	True
otu261310	Yuhina everetti	697079	181637	-	2021/12/02	True	original	Yuhina_everetti_KUNHM_17756	-	True
otu261112	Yuhina castaniceps	684691	340025	-	2021/12/02	True	original	Yuhina_castaniceps_KUNHM_10367	-	True
otu261187	Yuhina castaniceps	684691	340025	-	2021/12/02	True	original	Yuhina_castaniceps_KUNHM_13784	-	True
otu261039	Stachyris dennistouni	174120	181629	-	2021/12/02	True	original	Stachyris_dennistouni_USNM_3621	-	True
otu261055	Stachyris nigrocapitata	1022703	1149673	-	2021/12/02	True	original	Stachyris_nigrocapitata_KUNHM_18040	-	True
otu261118	Stachyris nigrocapitata	1022703	1149673	-	2021/12/02	True	original	Stachyris_nigrocapitata_FMNH_449755	-	True
otu261311	Stachyris dennistouni	174120	181629	-	2021/12/02	True	original	Stachyris_dennistouni_KUNHM_20225	-	True
otu261065	Stachyris dennistouni	174120	181629	-	2021/12/02	True	original	Stachyris_dennistouni_KUNHM_20186	-	True
otu261318	Zosterops ugiensis	758767	589908	-	2021/12/02	True	original	Zosterops_ugiensis_KUNHM_12803	-	True
otu261269	Zosterops lateralis	819155	43581	-	2021/12/02	True	original	Zosterops_lateralis_KUNHM_6094	-	True
otu261099	Zosterops nigrorum	446691	135985	-	2021/12/02	True	original	Zosterops_nigrorum_FMNH_432997	-	True
otu261155	Zosterops maderaspatanus	587250	364591	-	2021/12/02	True	original	Zosterops_maderaspatanus_FMNH_345980	-	True
otu261179	Zosterops atricapilla	305496	573051	-	2021/12/02	True	original	Zosterops_atricapilla_LSUMNS_B36444	-	True
otu261223	Oculocincta squamifrons	265355	589852	-	2021/12/02	True	original	Oculocincta_squamifrons_LSUMNS_B51197	-	True
otu261234	Lophozosterops squamiceps	840024	589844	-	2021/12/02	True	original	Lophozosterops_squamiceps_AMNH_DOT12549	-	True
otu261228	Stachyris hypogrammica	265361	589858	-	2021/12/02	True	original	Stachyris_hypogrammica_FMNH_455063	-	True
otu261080	Stachyris whiteheadi	767078	98150	-	2021/12/02	True	original	Stachyris_whiteheadi_KUNHM_18001	-	True
otu261133	Stachyris whiteheadi	767078	98150	-	2021/12/02	True	original	Stachyris_whiteheadi_FMNH_429219	-	True
otu261265	Yuhina brunneiceps	697076	181635	-	2021/12/02	True	original	Yuhina_brunneiceps_AMNH_DOT5153	-	True
otu261174	Yuhina nigrimenta	697088	181639	-	2021/12/02	True	original	Yuhina_nigrimenta_KUNHM_11150	-	True
otu261243	Yuhina nigrimenta	697088	181639	-	2021/12/02	True	original	Yuhina_nigrimenta_KUNHM_9997	-	True
otu261274	Yuhina bakeri	1050510	340026	-	2021/12/02	True	original	Yuhina_bakeri_USNM_631884	-	True
otu261280	Yuhina flavicollis	697089	181638	-	2021/12/02	True	original	Yuhina_flavicollis_KUNHM_15170	-	True
otu261068	Yuhina occipitalis	19370	181640	-	2021/12/02	True	original	Yuhina_occipitalis_KUNHM_15177	-	True
otu261167	Chrysomma sinense	370024	201304	-	2021/12/02	True	original	Chrysomma_sinense_USNM_6101	-	True
otu261212	Chrysomma sinense	370024	201304	-	2021/12/02	True	original	Chrysomma_sinense_USNM_6172	-	True
otu261057	Alcippe vinipectus	360236	204796	-	2021/12/02	True	original	Fulvetta_vinipectus_AMNH_DOT5655	-	True
otu261317	Alcippe cinereiceps	977746	201300	-	2021/12/02	True	original	Fulvetta_cinereiceps_AMNH_DOT5181	-	True
otu261255	Alcippe vinipectus	360236	204796	-	2021/12/02	True	original	Fulvetta_vinipectus_CAS_95904	-	True
otu261056	Rhopophilus pekinensis	333272	330745	-	2021/12/02	True	original	Rhopophilus_pekinensis_USNM_526697	-	True
otu261221	Paradoxornis nipalensis	552302	201374	-	2021/12/02	True	original	Paradoxornis_nipalensis_AMNH_DOT5190	-	True
otu261062	Paradoxornis verreauxi	11420	634320	-	2021/12/02	True	original	Paradoxornis_verreauxi_KUNHM_11041	-	True
otu261306	Paradoxornis fulvifrons	1052197	1071652	-	2021/12/02	True	original	Paradoxornis_fulvifrons_CAS_95908	-	True
otu261146	Paradoxornis fulvifrons	1052197	1071652	-	2021/12/02	True	original	Paradoxornis_fulvifrons_CAS_95884	-	True
otu261270	Paradoxornis webbianus	802901	337173	-	2021/12/02	True	original	Paradoxornis_webbianus_KUNHM_13794	-	True
otu261222	Paradoxornis alphonsianus	225997	2485304	-	2021/12/02	True	original	Paradoxornis_alphonsianus_KUNHM_11096	-	True
otu261042	Paradoxornis webbianus	802901	337173	-	2021/12/02	True	original	Paradoxornis_webbianus_KUNHM_6740	-	True
otu261182	Conostoma aemodium	689062	1071682	-	2021/12/02	True	original	Conostoma_oemodium_FMNH_297082	-	True
otu261151	Conostoma aemodium	689062	1071682	-	2021/12/02	True	original	Conostoma_oemodium_FMNH_297083	-	True
otu261149	Paradoxornis gularis	552313	2485345	-	2021/12/02	True	original	Paradoxornis_gularis_KUNHM_6706	-	True
otu261145	Paradoxornis gularis	552313	2485345	-	2021/12/02	True	original	Paradoxornis_gularis_KUNHM_11037	-	True
otu261213	Paradoxornis ruficeps	1052184	1071657	-	2021/12/02	True	original	Paradoxornis_ruficeps_KUNHM_15116	-	True
otu261066	Chamaea fasciata	3599833	190680	-	2021/12/02	True	original	Chamaea_fasciata_SDSU_2188	-	True
otu261272	Chamaea fasciata	3599833	190680	-	2021/12/02	True	original	Chamaea_fasciata_SDSU_2220	-	True
otu261121	Alcippe chrysotis	1084794	201299	-	2021/12/02	True	original	Lioparus_chrysotis_KUNHM_11078	-	True
otu261049	Moupinia poecilotis	1488	1149629	-	2021/12/02	True	original	Chrysomma_poecilotis_FMNH_68881	-	True
otu261302	Myzornis pyrrhoura	482566	634318	-	2021/12/02	True	original	Myzornis_pyrrhoura_KUNHM_15109	-	True
otu261192	Lioptilus nigricapillus	601614	552920	-	2021/12/02	True	original	Lioptilus_nigricapillus_UWBM_53158	-	True
otu261172	Lioptilus nigricapillus	601614	552920	-	2021/12/02	True	original	Lioptilus_nigricapillus_UWBM_71300	-	True
otu261040	Pseudoalcippe atriceps	1073080	1149653	-	2021/12/02	True	original	Pseudoalcippe_atriceps_FMNH_358056	-	True
otu261271	Pseudoalcippe atriceps	1073080	1149653	-	2021/12/02	True	original	Pseudoalcippe_atriceps_FMNH_355697	-	True
otu261233	Horizorhinus dohrni	328260	2575933	-	2021/12/02	True	original	Horizorhinus_dohrni_Genbank	-	True
otu261299	Sylvia borin	261410	73324	-	2021/12/02	True	original	Sylvia_borin_KUNHM_15471	-	True
otu261159	Pycnonotus plumosus	108244	270475	-	2021/12/02	True	original	Pycnonotus_plumosus_KUNHM_12667	-	True
otu261154	Criniger bres	122201	182882	-	2021/12/02	True	original	Alophoixus_bres_KUNHM_17701	-	True
otu261051	Melocichla mentalis	106895	330760	-	2021/12/02	True	original	Melocichla_mentalis_KUNHM_15406	-	True
otu261031	Malia grata	496789	1149646	-	None	False	original	Malia_grata_AMNH_299482	-	True
otu261240	Megalurus timoriensis	964908	980225	-	None	False	original	Megalurus_timoriensis_KUNHM_16461	-	True
otu261242	Napothera rabori	446183	1149667	-	None	False	original	Robsonius_rabori_FMNH_433008	-	True
otu261059	Orthotomus sericeus	28216	946199	-	None	False	original	Orthotomus_sericeus_KUNHM_17792	-	True
otu261252	Micromacronus leytensis	796101	1149648	-	None	False	original	Micromacronus_leytensis_USNM_579793	-	True
otu261030	Leonardina woodi	496781	1149640	-	None	False	original	Leonardina_woodi_KUNHM_19115	-	True
otu261050	Erpornis zantholeuca	602539	1112836	-	None	False	original	Erpornis_zantholeuca_KUNHM_10015	-	True
otu261073	Erpornis zantholeuca	602539	1112836	-	None	False	original	Erpornis_zantholeuca_KUNHM_13848	-	True
